'year','subsidence_threshold','An Giang','Bạc Liêu','Bến Tre','Cần Thơ','Cà Mau','Đồng Tháp','Hậu Giang','Kiên Giang','Long An','Sóc Trăng','Tiền Giang','Trà Vinh','Vĩnh Long','Up stream zone','Coastal zone','Midle zone','total_benefit','total_benefit_5','total_benefit_34',
2015,'B2',0.2,16332.3035,39022.43,33776.18725,10023.3805,72687.97275,16362.9545,12815.767,41826.815,22795.8585,24921.569,23058.34525,25411.62875,14447.5395,47822.35525,167786.3927,134850.89,353482.7515,50750.406,157743.87
2015,'B2',1,16340.372,39078.68425,33796.5425,9961.09225,72667.377,16327.5865,12821.2115,41842.372,22843.89175,24912.18075,23054.869,25375.93075,14461.6205,47848.29525,167814.5445,134797.7775,353483.7308,50757.716,157743.87
2015,'B2',0.5,16353.55475,39061.88225,33765.00325,9964.2665,72741.795,16317.80125,12847.8735,41785.8825,22884.38375,24860.2225,23045.166,25419.5325,14409.70925,47812.6165,167761.8887,134859.4542,353457.073,50766.488,157736.9392
2015,'B2',0.1,16313.611,39032.3325,33785.20825,10004.72975,72693.44875,16366.726,12777.13425,41862.747,22828.39625,24932.30325,23055.836,25449.89075,14378.188,47843.5175,167805.8287,134808.092,353480.5518,50748.944,157750.8007
2016,'B2',0.1,16300.24625,39415.7625,33934.549,9976.22325,73800.30725,16292.51175,12772.4535,43553.55325,22939.15625,25049.3665,22977.96175,26015.26025,14379.3185,47689.014,171202.4552,135492.0872,357406.67,100296.124,321642.246
2016,'B2',0.2,16318.93875,39413.9285,33926.3835,10000.81175,73811.44075,16288.33875,12811.826,43512.713,22915.87275,25033.867,22988.32475,25978.65675,14453.12825,47681.191,171192.6827,135557.2432,357454.2305,100312.206,321628.3845
2016,'B2',0.5,16340.5915,39459.57175,33903.20825,9935.76,73860.58225,16243.1855,12843.19275,43470.72,23002.9795,24968.193,22964.8935,25981.02425,14423.39175,47662.0975,171160.9135,135551.1695,357397.294,100344.37,321614.523
2016,'B2',1,16323.46775,39474.51025,33941.08675,9935.3855,73790.9295,16253.37225,12819.66875,43520.36675,22949.65025,25020.15125,22973.7935,25940.5605,14462.01125,47696.50175,171206.8115,135478.5275,357404.9543,100318.054,321628.3845
2017,'B2',0.1,16221.327,39369.663,34024.592,9887.33375,74646.388,16248.21575,12234.12575,44618.63975,22865.2975,24128.9365,22742.50675,26324.9235,14388.7325,47557.92325,173560.7912,133558.8537,357700.6818,146501.172,490094.1247
2017,'B2',0.5,16256.43975,39371.07425,33998.04775,9851.2565,74700.79275,16197.4275,12334.84475,44591.88575,22880.88875,23997.67575,22722.40575,26294.227,14434.46425,47494.336,173501.6832,133612.2977,357631.4305,146533.336,490024.8172
2017,'B2',1,16250.353,39398.06575,34035.92625,9854.95625,74622.83525,16208.67475,12316.74075,44607.12575,22867.723,24067.178,22800.01975,26247.8255,14468.28725,47541.272,173482.2585,133699.0672,357745.7113,146580.12,490080.2632
2017,'B2',0.2,16244.1915,39329.817,34023.62125,9906.07425,74658.74725,16243.64125,12276.734,44586.80775,22833.5555,24076.887,22770.60125,26282.78375,14462.54225,47533.96225,173530.93,133607.9982,357696.004,146507.02,490059.471
2018,'B2',0.1,16297.543,39718.795,34114.181,9862.1635,75339.214,16227.1305,12272.24275,45762.44125,23129.8975,24131.40275,22967.57225,26533.55425,14397.40675,47594.849,175737.68,134397.902,360753.5445,192714.992,662517.3233
2018,'B2',0.5,16342.9705,39817.75875,34086.897,9829.22425,75394.603,16177.80425,12331.58075,45688.3215,23178.4395,24096.0885,22965.23825,26498.06125,14440.0005,47571.60075,175705.8465,134546.4272,360846.988,192846.572,662441.085
2018,'B2',1,16325.17025,39872.1045,34130.31175,9836.15975,75322.6365,16187.991,12311.7025,45736.6865,23130.09425,24103.72675,22977.27625,26468.15275,14468.28725,47595.448,175727.1505,134524.588,360870.3,192902.128,662503.4618
2018,'B2',0.2,16323.37775,39758.1545,34121.14475,9888.95375,75351.57325,16222.9575,12334.98075,45754.5245,23104.83125,24183.95,22974.79725,26480.342,14462.54225,47591.469,175760.2622,134587.2847,360962.1295,192913.824,662475.7388
2019,'B2',0.2,15972.93425,29655.97875,33936.0875,9855.9455,57012.88775,16200.1765,12228.90875,45173.3075,22889.3205,20504.85,22779.14275,26615.10075,14468.0785,46726.0445,147045.4472,130615.9365,327292.719,237588.158,803710.5623
2019,'B2',0.1,15984.38925,29629.9645,33942.69225,9831.357,56637.964,16205.0085,12221.01525,45243.95175,22917.072,20697.17325,22769.22525,26668.313,14400.54475,46674.30275,146886.456,130682.6212,327148.6708,237441.958,803565.0165
2019,'B2',1,15983.45525,29752.0395,33954.651,9781.74725,56405.3075,16166.2705,12198.7655,45041.609,22910.909,20652.9165,22743.1015,26602.9115,14470.6855,46699.15275,146280.409,130786.4477,326664.3695,237525.292,803163.033
2019,'B2',0.5,16035.558,28916.249,33892.01625,9799.87975,56653.934,16156.08375,12295.3795,45180.88675,22982.355,20523.635,22782.8925,26635.958,14440.0005,46775.185,146214.1177,130407.1652,326294.828,237561.842,802650.1575
2020,'B2',0.2,15478.524,29760.09975,30093.349,9784.141,55453.6135,15990.75325,12259.08625,44635.49875,21880.9905,20366.984,22760.05975,26707.3375,14473.61475,45601.68775,141020.536,130400.6982,319644.052,281525.644,938569.0958
2020,'B2',1,15417.1155,30021.11375,30378.5425,9680.75775,54803.509,15987.89575,12221.32075,44418.15225,21862.64825,20424.547,22747.16525,26697.5465,14473.8235,45498.7965,140922.5872,130084.6932,319134.1378,281402.836,937605.7215
2020,'B2',0.1,15464.8265,29695.9845,30182.401,9736.17925,54533.76025,16040.49525,12188.728,44406.16825,21952.10925,20632.063,22761.24025,26760.54975,14400.54475,45593.7545,140135.2605,130418.7665,318755.05,281411.608,937522.5525
2020,'B2',0.5,15459.09775,29788.79125,30217.75125,9697.049,55594.8995,15929.19375,12304.24875,44204.90175,21974.972,20353.67175,22756.39225,26729.85325,14440.0005,45463.81625,140739.5432,130577.818,319450.8228,281439.386,937425.522
2021,'B2',0.2,15753.33775,29739.65925,34094.40775,9874.2275,54964.1975,16188.904,12302.9895,42093.44975,22006.95875,21418.221,22791.2435,26785.68425,14473.61475,46183.861,142436.919,130926.1707,322486.8953,325280.38,1076899.935
2021,'B2',0.1,15681.92125,30178.66775,34094.7495,9829.48275,55484.7145,16191.615,12240.50175,41935.603,22097.79775,21553.759,22797.75475,26832.6205,14400.54475,46055.69975,143388.3215,130977.351,323319.7323,325001.138,1076886.074
2021,'B2',1,15741.18675,29694.2255,34119.4545,9782.07475,55649.56225,16152.877,12319.0275,42236.7785,21941.50825,21612.3365,22780.9125,26772.417,14473.8235,46192.33575,143280.5095,130870.3255,323276.1845,325134.18,1076782.112
2021,'B2',0.5,15746.907,29566.858,34050.402,9804.59325,54987.66075,16144.55375,12330.075,42095.784,22127.41525,21537.7085,22777.90875,26801.18425,14443.1385,46125.81325,142638.2182,130751.7975,322414.189,325119.56,1075804.877
2022,'B2',0.5,16009.45825,41692.225,34173.7015,9880.0915,76819.82725,16138.12975,12390.251,47149.16275,23235.55875,24254.568,22805.6615,26854.22525,14445.53675,46566.9555,180153.0517,136105.2765,365848.3973,369457.634,1257328.15
2022,'B2',1,15974.90625,41758.7655,34179.4685,9880.02875,76764.47025,16149.1895,12306.806,47189.3225,23161.161,24283.126,22809.61475,26819.182,14488.77375,46604.0785,180200.2137,135937.409,365764.8148,369359.68,1258305.386
2022,'B2',0.1,15963.41525,41671.4285,34165.107,9918.87875,76781.04775,16186.2515,12294.35225,47214.45875,23146.40225,24337.5065,22817.91775,26885.6615,14408.47925,46580.27075,180221.548,135965.9747,365790.907,369277.808,1258402.416
2022,'B2',0.2,15988.78975,41621.51475,34166.456,9942.9415,76780.337,16182.48,12324.588,47179.17275,23124.11225,24343.57075,22799.01425,26829.31125,14476.75275,46577.9955,180212.1045,135945.8275,365759.041,369521.962,1258416.278
2023,'B2',0.1,16239.84725,41794.23625,34276.0625,9923.47875,76967.9975,16183.0395,12503.31825,48559.81075,23234.226,24404.337,22799.7215,26930.0595,14408.47925,47483.65725,180929.918,136787.9252,368224.614,414788.406,1441395.008
2023,'B2',1,16251.676,41828.13825,34261.01575,9880.02875,76951.42,16147.038,12501.802,48527.264,23231.77125,24291.4765,22784.7675,26863.58,14491.91175,47465.26075,180892.4995,136631.016,368011.8898,414677.294,1441291.047
2023,'B2',0.2,16266.105,41776.4865,34225.1985,9944.4035,76972.052,16179.268,12493.002,48522.3255,23161.83275,24403.78075,22838.03025,26877.587,14479.89075,47478.23625,180891.6057,136747.007,368139.9625,415012.092,1441374.216
2023,'B2',0.5,16267.1785,41780.60375,34215.1925,9889.5055,77011.54225,16134.91775,12564.20925,48485.852,23280.23225,24289.0905,22838.856,26901.76125,14445.53675,47437.01025,180832.795,136811.5595,368104.4783,414868.816,1440306.881
2024,'B2',0.2,15989.10875,41987.55275,34507.228,9874.2275,77130.41025,16156.8065,12322.32975,48117.31725,23122.3095,24435.31025,23020.368,26902.438,14483.02875,46632.63425,181560.3112,136839.307,368048.4353,459553.384,1625434.144
2024,'B2',0.5,15938.102,42016.9255,34490.65625,9818.80375,77173.44,16104.0635,12319.8045,48078.06375,23190.73175,24340.141,23013.46475,26929.34875,14448.67475,46552.30575,181537.0142,136756.7175,367862.2203,459203.966,1624332.155
2024,'B2',0.1,15898.335,41991.743,34514.11625,9862.50275,77121.5905,16179.90825,12325.48675,48147.61425,23161.511,24408.346,23020.47275,26948.233,14411.61725,46586.3625,181585.8212,136810.041,367991.4768,459222.972,1625475.728
2024,'B2',1,15987.41875,42026.0465,34538.29725,9789.38475,77109.77825,16138.438,12306.72125,48125.76875,23139.726,24340.62,23023.999,26881.7535,14495.04975,46681.40225,181532.5805,136665.9055,367903.0018,459069.462,1625337.113
2025,'B2',1,16264.3325,42676.30625,34572.1405,9882.95275,77257.501,16143.6995,12583.12675,49157.83025,23299.11425,24323.42475,22832.04725,26885.63125,14500.586,47465.671,182134.2095,137755.699,370378.693,504968.952,1810547.546
2025,'B2',0.2,16268.64325,42602.0655,34549.2175,9948.7895,77273.36775,16174.4675,12593.1815,49158.0585,23265.16725,24384.633,22830.413,26909.85525,14483.02875,47475.8605,182107.467,137834.4472,370440.8883,505523.05,1810651.507
2025,'B2',0.1,16239.256,42607.97525,34539.602,9936.539,77274.0785,16179.2995,12583.8395,49191.5815,23274.15275,24431.24025,22823.18175,26963.923,14411.61725,47460.306,182139.8025,137833.0642,370456.2863,505172.17,1810686.161
2025,'B2',0.5,16280.066,42658.41325,34521.4885,9901.612,77321.16275,16130.11725,12655.21575,49116.41825,23332.76,24311.24975,22829.2945,26930.0885,14451.81275,47450.57425,182086.908,137879.1035,370439.6993,505129.772,1809521.795
2026,'B2',0.1,16311.1865,42570.60575,34361.098,9946.24725,77391.984,16178.03175,12562.372,49421.66525,23347.52175,24748.987,22859.695,26964.66275,14411.61725,47555.60975,182508.476,137988.475,371075.6743,551029.262,1996749.075
2026,'B2',0.2,16343.89925,42559.651,34422.59675,9959.0235,77391.27325,16174.66175,12612.33825,49385.00425,23333.23275,24724.59375,22860.06125,26931.0815,14483.02875,47555.863,182489.9285,138111.541,371180.446,551511.722,1996707.491
2026,'B2',0.5,16356.9195,42602.03775,34357.1985,9908.922,77439.06825,16126.986,12638.56225,49338.5765,23402.2325,24635.905,22827.715,26930.82825,14457.349,47527.3645,182453.779,138018.0435,371022.3005,550893.296,1995577.778
2026,'B2',1,16333.963,42613.42375,34406.729,9891.93875,77367.10175,16142.43175,12579.738,49384.35225,23359.11125,24657.19025,22832.77625,26889.509,14500.586,47548.44075,182480.1867,137907.11,370958.851,550760.254,1996610.46
2027,'B2',0.1,15741.13125,42437.84925,34404.643,9852.67925,77492.05425,15990.03525,12263.65925,48478.37875,21947.62025,24429.55925,22840.9285,26969.28025,14414.0155,45836.6845,181764.8915,136637.1445,367261.834,594108.554,2181848.615
2027,'B2',0.5,15779.40725,42483.09825,34389.117,9821.202,77539.1385,15962.30425,12355.3425,48519.6035,22008.55825,24269.03425,22817.16825,26935.44575,14459.74725,45975.185,181721.4142,136633.3157,367339.167,594016.448,2180677.319
2027,'B2',0.2,15718.15375,42442.9765,34396.177,9858.1455,77491.3435,15985.20325,12352.57425,48522.12775,21914.38025,24412.8775,22817.266,26938.837,14483.02875,45867.5055,181860.2115,136589.1912,367333.091,594756.22,2181730.793
2027,'B2',1,15745.0345,42492.36325,34408.4925,9808.81875,77467.172,15968.29675,12327.56075,48464.50125,22085.046,24423.104,22788.805,26890.9885,14500.586,45835.172,181967.2427,136552.1717,367370.7693,593937.5,2181827.823
2028,'B2',1,15765.376,30982.43225,34435.52225,9795.135,56303.70125,16119.104,12356.48425,43467.79775,22153.617,21531.369,22845.45775,26894.86625,14500.586,46105.26975,145973.2342,132209.2385,327151.4488,637072.348,2326964.659
2028,'B2',0.1,15751.23875,31048.8675,34439.7855,9865.83725,55538.478,16132.44975,12307.53325,43311.0285,21982.329,21714.69275,22839.906,26973.158,14414.0155,46028.70275,144991.4985,132352.2432,326319.3198,637201.004,2326084.454
2028,'B2',0.2,15785.59875,30456.93425,34437.07825,9881.5375,55814.99725,16157.86325,12354.31125,43220.5415,21993.9545,21505.98325,22847.824,26942.71475,14486.16675,46064.38725,144815.6565,132120.963,325885.5053,637845.746,2325529.994
2028,'B2',0.5,15811.53025,30715.49225,34420.72225,9794.886,55524.5595,16106.18075,12380.984,43303.264,22091.69425,21405.5655,22813.3195,26945.5995,14468.4215,46058.19825,144428.724,132431.5907,325782.2193,636964.16,2324469.589
2029,'B2',0.1,15942.23275,42644.06125,34583.17675,9839.52125,77701.72525,16172.68575,12298.898,49245.98125,23339.514,24433.77075,23049.57925,26977.03575,14417.1535,46633.17725,183517.305,137478.6705,370645.3355,681006.91,2514032.532
2029,'B2',0.2,15953.094,42650.7945,34583.961,9865.4555,77701.0145,16167.45225,12355.924,49238.12825,23295.9405,24409.3775,23028.40125,26946.5925,14486.16675,46691.13425,183506.216,137468.7695,370682.3025,681676.506,2513457.28
2029,'B2',0.5,16004.7085,42697.02175,34549.61775,9796.348,77757.11425,16124.1625,12336.41325,49181.23125,23399.84175,24325.69025,23021.60475,26946.33925,14468.4215,46692.0575,183488.9567,137418.2485,370608.5148,680701.352,2512410.737
2029,'B2',1,15970.99,42738.59475,34632.929,9808.293,77676.843,16137.08575,12375.24475,49241.04625,23338.23675,24397.9885,23022.11625,26895.606,14500.586,46726.6185,183505.3727,137487.386,370735.56,681100.478,2514891.945
2030,'B2',0.1,15961.94175,36496.9614,34469.59425,9861.66525,72619.8055,16170.67825,12276.379,48683.19345,23365.7999,24383.8614,22873.19225,26984.453,14420.2915,46503.86875,174107.2326,134940.5327,358567.8169,724205.7936,2691052.204
2030,'B2',0.2,15975.85125,36465.72805,34477.42425,9866.9175,72630.35765,16166.90675,12389.825,48688.29905,23311.30765,24396.42385,22859.46825,26947.33225,14486.16675,46528.3205,174112.9438,135004.5612,358662.0083,725022.4668,2690428.436
2030,'B2',0.5,16004.565,36525.2086,34454.2185,9829.974,72667.7438,16120.693,12416.25125,48602.65385,23330.0334,24237.6989,22836.867,26953.355,14468.4215,46463.396,174058.0887,134923.8778,358447.6838,723866.902,2689326.447
2030,'B2',1,15952.4995,36535.3878,34491.8475,9812.679,72591.44305,16135.07825,12428.8305,48722.06485,23358.6384,24301.33425,22848.86725,26896.34575,14500.586,46569.7425,174106.7712,134875.9749,358575.6021,724459.012,2691904.686
2031,'B2',0.5,15996.66375,31493.68194,34554.2465,9862.138,68618.02145,16119.4885,12859.49475,48855.99111,22670.64132,25164.8149,22885.327,26959.631,14468.4215,46675.05225,166163.4586,134660.7989,350508.5617,768896.502,2856917.25
2031,'B2',1,15958.30175,31502.04296,34652.8785,9859.463,68544.8971,16133.87375,12848.442,48931.48541,22717.81807,25222.16165,22829.86125,26899.48375,14502.98425,46719.413,166285.5352,134589.4933,350603.6934,769595.1041,2859627.173
2031,'B2',0.2,15997.48475,31443.89088,34602.84325,9903.4675,68592.74703,16165.70225,12838.80975,48881.86917,22715.97389,25239.18465,22886.04175,26950.47025,14486.16675,46706.5565,166362.9629,134625.8804,350704.6519,770086.3946,2858181.141
2031,'B2',0.1,15955.96725,31445.69253,34593.74325,9908.44925,68576.04371,16169.47375,12789.87925,48924.58374,22710.01657,25262.5874,22869.53525,26984.453,14420.2915,46733.3125,166280.114,134581.1072,350610.7165,769222.8789,2858774.691
2032,'B2',0.2,15964.747,19306.18867,34519.131,9843.20125,48820.44807,16156.5065,12251.1735,47422.45525,23143.74826,20680.29053,22861.00025,26950.47025,14486.16675,46427.57525,135424.6764,127627.1927,312405.5273,812544.3132,2990623.172
2032,'B2',0.5,15986.6415,19607.43859,34476.85375,9774.85225,48824.00301,16118.6855,12352.40525,47222.72298,23203.84451,20393.05767,22854.09925,26962.769,14471.5595,46376.7795,135247.1297,127671.2176,312248.9328,811222.3845,2989337.323
2032,'B2',1,15993.02325,19523.30996,34542.364,9788.96275,48327.03383,16131.60875,12323.296,47279.72845,23243.44201,20840.05617,22837.17125,26908.89775,14502.98425,46542.53425,135052.5537,127741.4997,312241.8784,812227.9949,2991860.893
2032,'B2',0.1,15962.06425,19924.25584,34508.81575,9833.94225,48513.27549,16154.80925,12258.35125,47290.88199,23225.40651,20427.67889,22855.12925,26984.453,14420.2915,46428.54775,134827.6879,128135.4521,312359.3552,811667.9202,2991200.143
2033,'B2',0.5,16126.76025,23844.98109,34576.5305,9813.36625,62810.66803,16119.3445,12371.47075,48383.0433,23420.4499,24142.36658,23028.07725,26962.769,14471.5595,46842.14825,155977.2638,130228.8613,336071.3869,854079.9507,3145371.006
2033,'B2',0.1,16081.501,23772.0594,34606.06375,9874.2975,62777.27349,16167.86775,12336.221,48399.65091,23370.15965,24216.78658,23049.57525,26993.12725,14423.4295,46876.59275,155997.0739,130171.2329,336068.013,854502.2021,3147240.756
2033,'B2',0.2,16114.71575,23773.72854,34623.87025,9869.8415,62813.80779,16164.09625,12338.00275,48417.46362,23366.11365,24198.71018,23034.97825,26956.0065,14492.44275,46909.6475,156052.9872,130178.0295,336163.7778,855461.6109,3146656.854
2033,'B2',1,16070.865,23817.76223,34666.657,9792.425,62755.18769,16132.26775,12340.61975,48476.99215,23397.9034,24181.47983,23023.05925,26908.89775,14506.12225,46890.41525,156013.2457,130143.4646,336070.2391,855172.5957,3147901.506
2034,'B2',1,15983.50075,21348.51246,34674.064,9807.045,60743.37178,16130.40425,12605.05425,49176.16618,23257.92652,25095.69408,23023.05925,26908.89775,14509.26025,47069.1115,152587.2561,130590.4062,333262.9565,899934.8752,3299561.544
2034,'B2',0.2,16045.21625,21312.84062,34633.7495,9863.9935,60802.9012,16162.23275,12571.73525,49098.2807,23244.47227,25113.11858,23035.9145,26962.684,14492.44275,47154.0425,152647.0711,130515.3548,333339.5819,900158.5795,3298337.684
2034,'B2',0.1,15970.2625,21312.67975,34616.672,9861.1395,60771.64832,16167.46625,12523.1695,49166.41959,23260.21427,25133.55549,23048.11325,26996.66675,14426.5675,47106.8465,152556.2013,130575.3441,333254.5747,899126.1202,3298928.517
2034,'B2',0.5,16042.7655,21359.97402,34589.22025,9823.60025,60797.22579,16118.943,12581.59725,49101.26075,23334.60002,25045.50033,23029.53925,26962.769,14471.5595,47098.44125,152553.1729,130583.8273,333258.5549,898727.7647,3297065.697
2035,'B2',0.2,15799.21625,19071.02768,34639.6665,9872.9795,59174.58871,16162.23275,12352.03375,48124.25889,23290.94067,24154.5799,23035.38875,26965.822,14492.44275,46347.0945,149527.6064,128251.2252,327135.1781,942185.9073,3446698.411
2035,'B2',0.5,15830.6665,19129.83059,34601.149,9809.19425,59165.90418,16118.943,12382.97925,48156.05713,23416.85992,24101.28766,23028.07725,26962.769,14471.5595,46365.91825,149432.5748,128360.6015,327175.2772,940823.3242,3445454.148
2035,'B2',1,15813.14075,19112.33293,34679.16725,9792.425,59118.11647,16130.40425,12394.52625,48211.09357,23344.13817,24163.81021,23023.05925,26908.89775,14509.26025,46350.31325,149458.7746,128368.1707,327200.3721,942129.411,3447949.994
2035,'B2',0.1,15773.90725,19078.33361,34622.92725,9853.8295,59147.5334,16167.46625,12286.3255,48229.6817,23307.67742,24203.22479,23052.49925,27000.20625,14426.5675,46363.483,149433.3428,128337.1711,327150.1797,941195.5057,3447289.244
2036,'B2',1,16015.484,17418.47227,34613.48575,9821.665,57860.48466,16118.00475,12376.98225,48979.42746,21878.89935,24140.79798,22856.60525,26908.89775,14509.26025,47000.39475,146079.3643,127395.5941,323498.4667,984898.0224,3592226.905
2036,'B2',0.5,16039.196,17416.39257,34542.376,9831.12425,57911.99678,16105.0815,12371.28325,48864.32045,21970.12551,24161.65093,22827.07975,26962.769,14471.5595,47006.62725,146124.2613,127320.9534,323474.9555,983505.0383,3589751.784
2036,'B2',0.1,15949.9605,17385.33011,34562.41275,9859.8915,57895.57915,16146.674,12336.0335,48929.55261,21984.21035,24179.88263,22871.5905,27003.34425,14426.5675,47012.28425,146104.6848,127390.9468,323531.0293,983834.1151,3591649.324
2036,'B2',0.2,16021.6345,17373.7734,34573.2865,9877.3655,57918.32335,16148.37125,12344.13475,48851.33091,21966.7151,24200.40579,22860.542,26965.822,14494.841,47060.62175,146251.8549,127267.8867,323596.546,984834.7282,3591079.284
2037,'B2',0.1,15778.54,16033.96857,34564.07325,9859.8915,56846.00436,16167.46625,12343.3435,48141.90954,21879.47298,24198.75773,22872.88725,27003.34425,14428.96575,46128.41325,144199.017,126775.0119,320118.6249,1025397.034,3733797.211
2037,'B2',1,15772.72025,16050.4442,34596.46725,9796.811,56806.64051,16130.40425,12347.74225,48190.05907,22134.64594,24131.57422,22819.35175,26908.89775,14509.26025,46169.57575,144426.9227,126582.3375,320195.0187,1026450.188,3734546.898
2037,'B2',0.5,15857.86225,16074.56358,34564.1595,9835.51025,56857.31996,16118.943,12369.82125,48115.92801,21959.99623,24039.85478,22852.63725,26962.769,14471.5595,46179.61625,144160.1036,126718.0912,320080.9246,1025091.33,3731899.671
2037,'B2',0.2,15778.87925,16011.11565,34571.87225,9868.8075,56865.57236,16163.69475,12364.20125,48070.49053,22026.50444,24166.06722,22866.01075,26965.822,14494.841,46092.169,144461.5575,126643.9697,320213.879,1026333.006,3733364.623
2038,'B2',1,15804.05525,14970.59069,34607.75,9818.21525,55950.86685,16131.86625,12371.13425,48189.25465,23364.33463,24062.39108,22828.3015,26915.17375,14509.26025,46248.49075,143825.9212,126425.6689,319523.1944,1067889.792,3876401.28
2038,'B2',0.2,15835.245,14932.49183,34602.78725,9880.5035,56010.67323,16163.69475,12353.56575,48096.88213,23330.32088,24133.42504,22848.46675,26965.822,14494.841,46259.805,143893.6521,126472.1485,319648.7191,1067818.521,3875205.144
2038,'B2',0.1,15804.0705,14942.24118,34573.41625,9870.1255,55990.81457,16167.46625,12289.4635,48168.94978,23370.39463,24177.43926,22924.05725,27003.34425,14428.96575,46288.84225,143806.6138,126592.1792,319710.7487,1066939.656,3875665.455
2038,'B2',0.5,15852.3525,14991.01873,34568.27,9828.41425,56000.88015,16118.943,12404.90925,48075.03916,23422.05713,24051.34755,22877.1795,26965.907,14471.5595,46188.74175,143801.4118,126614.6107,319627.8777,1066605.458,3873760.984
2039,'B2',0.1,15479.70175,10238.31408,30776.986,9749.37875,39856.55114,15937.2895,12272.733,42223.92866,21748.47795,20184.22039,22876.1905,27006.48225,14428.96575,45599.5445,111235.1552,123420.4206,282779.2197,1108428.353,3980750.145
2039,'B2',0.5,15561.536,10355.83529,30658.51325,9712.37775,39994.93476,15951.143,12356.93225,42122.07878,22020.40745,20169.90218,22836.47625,26965.907,14471.5595,45539.982,111383.2,123654.0837,283177.6035,1107983.141,3979401.965
2039,'B2',0.2,15565.61875,10323.04399,30653.93475,9774.701,39874.77287,15893.3955,12261.16825,42336.69407,21898.0792,20250.34712,22838.99125,26965.822,14494.841,45553.66675,111596.3617,123450.351,283131.4098,1109194.34,3980736.496
2039,'B2',1,15452.39075,10187.21716,30775.8505,9678.4625,40008.06427,15951.66675,12281.57275,42000.97475,21877.68902,20120.71756,22811.19175,26915.17375,14512.39825,45574.94375,111130.271,123364.8478,282573.3698,1109280.064,3981444.252
2040,'B2',0.5,15872.63075,11364.15069,30823.24755,8337.14595,50356.18308,16118.943,10217.47425,44343.68343,22091.10711,19903.75667,21533.50755,21694.7068,12767.8963,46016.10285,128700.8879,107750.8641,285424.4331,1146006.921,4105937.856
2040,'B2',1,15870.201,11361.6464,30861.87015,8310.74375,50315.18296,16131.86625,10249.17515,44438.65286,22056.79071,19833.73491,21513.7558,21654.1202,12804.4009,46149.1757,128667.5894,107641.273,285402.141,1147375.94,4107896.378
2040,'B2',0.2,15824.483,11329.75955,30845.3704,8376.84555,50370.97042,16163.69475,10197.69465,44349.3283,22035.14601,19844.75183,21514.38615,21694.6388,12789.71835,46030.1695,128701.8456,107678.6896,285336.7878,1147131.689,4107216.94
2040,'B2',0.1,15785.9985,11339.18524,30831.1196,8363.87875,50349.35288,16167.46625,10203.43805,44381.58649,22063.86741,19830.29289,21550.3999,21727.167,12731.30825,46016.02725,128597.4373,107736.9984,285325.0612,1146393.351,4107207.025
2041,'B2',0.1,15471.1275,6719.286945,24282.11362,7106.43827,34846.89464,15944.22025,8409.93238,40698.96823,19843.81866,14656.42827,20450.58562,17510.91944,11375.5805,45267.67548,98227.6386,91262.52423,237316.3143,1181579.192,4200608.92
2041,'B2',1,15437.6665,6685.492078,23887.71374,7051.12005,34974.85707,15903.1515,8453.4052,40567.27545,19847.22083,14916.72636,20396.23895,17452.482,11436.08442,45242.64541,98065.99155,91189.45027,237009.4341,1182509.188,4201090.951
2041,'B2',0.2,15567.3885,6646.528786,24192.16629,7118.29955,34494.56491,15983.49525,8405.27296,40524.34051,19935.75002,14839.24382,20427.92305,17484.89688,11425.62023,45292.65893,97945.53394,91304.82233,237045.4908,1182376.195,4200273.912
2041,'B2',0.5,15611.99075,6768.099322,24057.80276,7053.95241,34809.46171,15911.0205,8439.93534,40537.13452,19898.68479,14729.55666,20424.55424,17487.6956,11404.96574,45235.55573,98094.0218,91219.63226,237134.8543,1181102.519,4199270.235
2042,'B2',0.2,15816.32425,7410.068701,25418.78938,6190.572678,43177.51124,16135.97175,7071.79657,38410.00036,19262.89386,15954.19385,19576.10004,14159.57705,10339.2989,45610.01115,109299.6908,81099.34544,238923.0986,1215230.423,4307315.899
2042,'B2',1,15853.9925,7414.414683,25433.60469,6151.611862,43142.43234,16109.612,7091.966366,38452.39441,19064.74925,15929.78204,19575.75624,14127.40348,10346.3884,45634.86364,109086.802,81065.3222,238694.1083,1215444.545,4307881.527
2042,'B2',0.5,15832.22725,7433.127939,25432.48649,6174.63003,43171.22085,16091.22,7126.82281,38310.29475,19253.94097,15922.61251,19581.15705,14150.0902,10325.06262,45559.11144,109177.951,81160.71058,238804.8935,1213996.164,4306177.204
2042,'B2',0.1,15770.08475,7418.482012,25411.83853,6172.593366,43150.55871,16145.212,7065.582266,38404.5491,19225.99468,15960.20567,19608.08498,14174.15343,10296.58957,45565.63206,109147.0548,81170.2602,238803.9291,1214425.382,4307566.832
2043,'B2',1,15489.1665,4369.589941,19898.07632,5318.2076,29073.58156,15917.013,5978.401818,29833.53669,18360.40377,11371.03123,18877.60581,11464.3786,9473.918153,44685.46552,77674.82989,70648.8243,195424.911,1246575.661,4380915.07
2043,'B2',0.5,15534.14175,4513.105993,19571.3439,5346.834242,28984.40029,15945.67425,5963.93518,29941.40251,18652.17397,11245.79475,18914.33811,11482.52798,9457.720689,44777.26709,77405.64592,70933.89707,195553.3936,1245099.173,4379349.263
2043,'B2',0.1,15533.32475,4360.238557,19751.38734,5381.822642,29182.25725,16013.52775,5941.823993,30160.75155,18463.30342,11405.82902,18912.91396,11504.85973,9427.049522,44899.75074,77975.24642,70741.37028,196039.0895,1245595.476,4381154.495
2043,'B2',0.2,15611.12425,4402.903784,19924.27523,5366.237327,29093.65259,15990.426,5983.310822,29993.57954,18413.62583,11436.24208,18868.64521,11498.30192,9469.528401,44862.7794,77918.96862,70797.61459,196051.853,1246412.471,4380886.882
2044,'B2',0.2,15476.8295,3588.063661,20584.77994,4782.082534,29371.74678,16002.8255,5127.015964,29393.53691,18089.71794,10426.13711,18356.22077,9360.04013,8769.468271,44785.95992,78142.31079,63638.88351,189328.465,1276113.665,4455261.281
2044,'B2',1,15512.08325,3559.774164,20559.38046,4714.391912,28909.17517,15950.20475,5144.049107,29272.50099,17973.28174,10426.5867,18353.81956,9323.541086,8784.017147,44616.46625,77615.48084,63544.99415,188482.806,1276213.138,4454552.625
2044,'B2',0.1,15534.776,3586.980381,20548.82355,4768.286344,29341.65281,16014.98975,5115.103091,28838.15415,18205.361,10350.65585,18361.14679,9362.327851,8733.45585,44867.39763,77625.04282,63574.88108,188761.7134,1275220.966,4455062.953
2044,'B2',0.5,15550.53975,3602.992412,20538.93764,4749.093902,29338.91796,15966.4665,5150.838538,29164.26474,18088.80357,10362.6243,18357.78222,9344.220049,8762.984713,44741.74314,77840.59569,63713.32599,188978.4663,1274778.427,4453397.379
2045,'B2',0.5,15835.363,4025.203509,20721.85916,4310.254799,36961.09896,16091.22,4475.264082,34303.85551,17616.33828,11998.11313,17908.68002,7622.77306,8204.333216,45339.65497,93266.43867,58557.6553,200074.3567,1303235.898,4544579.167
2045,'B2',1,15816.59375,4015.173279,20741.9142,4323.648007,36939.75085,16109.612,4467.809315,34278.95347,17904.90061,11999.03608,17911.08369,7596.339653,8226.370909,45346.44836,93575.01985,58499.10981,200331.1858,1304654.04,4546052.355
2045,'B2',0.2,15852.148,4010.446722,20708.33492,4347.507977,36954.79603,16142.9025,4475.681978,34327.20403,17710.92775,12006.28733,17893.76851,7618.945397,8219.310403,45407.1393,93455.4462,58501.99899,200268.2615,1304640.211,4546593.327
2045,'B2',0.1,15808.645,4008.939797,20694.6043,4339.655734,36927.46751,16146.674,4449.639668,34300.12264,17717.97903,12022.76743,17923.45017,7635.340702,8188.373041,45359.22368,93387.96829,58519.72075,200163.659,1303612.286,4546405.292
2046,'B2',0.5,15757.33375,3118.369042,16332.00787,3883.100682,26917.28976,15895.697,3914.530818,33407.71342,17407.64922,8661.976966,17562.5164,6259.380002,7767.453722,45055.73469,75533.80215,53712.01934,176885.0187,1330849.024,4617279.689
2046,'B2',0.1,15767.525,3123.6258,16016.7741,3905.186577,27106.70799,15973.40525,3888.169366,33381.45215,17414.6154,8830.065495,17594.82224,6264.381456,7756.180714,45050.22556,75721.87343,53699.09687,177022.9115,1331150.904,4619311.702
2046,'B2',1,15765.20475,3087.299661,15969.79036,3928.057828,26739.85202,15930.8745,3886.996823,33395.13534,17355.27317,8714.877366,17554.41533,6228.268224,7786.998876,45119.87022,75076.35818,53701.96838,176343.0442,1332280.92,4618229.101
2046,'B2',0.2,15750.05825,3111.70819,16067.8202,3931.860725,26810.07283,16018.149,3884.003708,33376.0921,17402.34887,8756.801916,17546.30631,6256.473008,7776.040665,45116.22437,75380.17858,53660.4094,176687.7358,1332195.903,4619169.832
2047,'B2',0.5,15525.00425,2063.55218,15214.80599,3564.254335,24715.40377,15959.53575,3452.135887,26365.53877,17222.10799,8072.860186,17284.36044,5182.072165,7411.481112,44527.33423,65469.42076,49650.73541,162033.1128,1357658.778,4679016.898
2047,'B2',0.2,15493.63325,2008.576527,15206.85915,3615.198883,24785.82061,15969.63375,3434.878718,26359.40508,17150.36665,8179.418076,17229.84813,5167.926302,7428.416951,44437.28146,65744.80246,49503.86023,162029.9821,1358985.656,4680951.42
2047,'B2',0.1,15557.686,2033.326596,15380.52868,3577.368347,24837.21544,15985.80475,3453.839305,26234.42473,17230.75592,8337.624408,17304.06317,5169.302226,7396.994589,44600.01855,65903.51385,49592.47547,162498.9342,1357987.226,4681485.295
2047,'B2',1,15474.8295,2065.884165,15488.36338,3589.239086,25177.14994,15944.736,3452.2644,26052.10858,17222.55517,8045.206087,17284.68517,5136.57444,7432.342842,44547.81513,65873.04932,49522.47257,162365.9388,1359179.388,4680271.193
2048,'B2',0.5,15539.03625,1761.397982,15096.09241,3324.957812,24335.5937,15952.605,3135.525199,27830.97544,16959.66832,7739.262875,17055.58566,4341.864188,7133.669396,44770.48396,66205.7059,46754.36819,160206.2342,1383909.972,4741872.227
2048,'B2',0.2,15616.1615,1736.113398,14863.96964,3355.982048,24224.19199,15955.77225,3124.058175,28208.05403,16975.82087,7449.708904,17022.62073,4324.187515,7143.546658,44844.17932,66166.29513,46658.6526,160000.1877,1385245.286,4743661.117
2048,'B2',0.1,15527.03425,1717.260415,14693.44496,3352.295369,24091.76282,16027.38925,3116.391093,27922.36571,17057.10676,7807.642085,17102.60832,4326.952716,7113.079231,44833.5371,65823.97077,46731.35926,159855.333,1384235.865,4744010.051
2048,'B2',1,15492.33,1733.199576,14848.98465,3339.935908,24879.89961,15944.736,3092.37568,27922.57291,16984.18876,7868.832648,17044.29917,4307.33072,7159.142041,44658.37463,66793.17472,46688.74168,160617.8277,1385425.949,4743612.982
2049,'B2',0.2,15806.9145,1933.881061,17827.08813,3149.636914,31919.14165,15955.77225,2908.014798,27715.47992,16954.305,9728.844362,16862.28891,3656.339409,6912.205895,45024.08586,78741.6422,44767.27545,171329.9128,1411094.712,4820026.609
2049,'B2',0.1,15773.959,1933.44129,17810.86698,3175.913442,31995.74662,16027.38925,2892.447334,27568.59374,16803.41473,9737.066359,16941.5502,3642.620323,6889.568311,45035.21896,78537.83739,44794.88894,171192.5776,1410054.097,4820217.747
2049,'B2',1,15807.5365,1936.511908,17815.19046,3195.000164,32071.82873,15979.38975,2874.600428,27344.0813,16942.5155,9734.994412,16886.8967,3638.937342,6937.412997,45039.46454,78587.16649,44776.00963,171164.8962,1411259.472,4819820.181
2049,'B2',0.5,15802.8915,1946.076505,17812.79348,3164.184592,31939.91502,15931.81275,2870.750057,27703.91353,16873.40636,9730.821593,16885.25109,3671.814096,6901.107236,44965.57255,78704.47892,44774.7078,171234.7378,1409681.238,4818189.522
2050,'B2',0.2,16178.1428,1647.838039,15166.77741,2586.486558,29132.57137,15522.9635,2443.917598,28992.36862,16211.80748,8155.174605,14589.01317,3073.086878,5550.295289,44773.65156,73895.06995,37743.73012,159250.4433,1436565.534,4892687.852
2050,'B2',0.1,16161.80795,1645.31988,15126.55375,2587.750502,29123.91236,15524.1203,2456.352075,29061.24123,16210.20777,8167.742983,14640.93654,3051.633116,5521.58552,44798.89996,73897.7907,37744.48162,159279.164,1435527.724,4892879.585
2050,'B2',1,16185.0783,1655.369584,15154.62243,2590.853681,29139.21475,15488.58445,2438.117832,28998.73926,16242.24389,8164.996728,14605.93213,3059.130736,5573.284514,44783.66563,73903.6898,37770.82117,159296.1683,1436757.641,4892487.564
2050,'B2',0.5,16197.87285,1658.105613,15144.01119,2592.468214,29142.60835,15475.78695,2437.336179,29001.55266,16261.69104,8156.895812,14608.52523,3074.832437,5538.909034,44765.56841,73902.7145,37784.32097,159290.5956,1435174.045,4890850.764
2051,'B2',0.2,16010.68107,1405.445597,12985.60524,2074.362579,25956.53933,15009.76754,1991.635228,26318.14856,14938.21566,6805.885911,12700.99146,2582.371433,4460.892689,43303.56381,65427.06406,31711.13663,143240.5423,1460443.03,4957338.682
2051,'B2',0.1,15996.64082,1404.268682,12963.07594,2075.373734,25946.61085,15008.83258,2012.063476,26370.33024,14939.18213,6821.025382,12744.93692,2557.146995,4434.447013,43326.14384,65428.12045,31720.89267,143273.9348,1459404.029,4957530.891
2051,'B2',1,16021.4521,1415.658895,12992.07971,2080.880473,25958.85276,14973.34805,1991.179183,26312.05184,14962.55217,6812.398502,12713.0795,2571.257354,4474.986676,43311.2092,65424.26242,31745.5278,143279.7772,1460656.993,4957143.305
2051,'B2',0.5,16032.12729,1415.334881,12975.83542,2081.640981,25965.17476,14960.65115,2005.123306,26325.92929,14987.73192,6812.377718,12720.57855,2573.787852,4445.646292,43292.48772,65434.46203,31776.21187,143301.9394,1459070.76,4955501.594
