'year','subsi_scenario','subsidence_threshold','An Giang','Bạc Liêu','Bến Tre','Cần Thơ','Cà Mau','Đồng Tháp','Hậu Giang','Kiên Giang','Long An','Sóc Trăng','Tiền Giang','Trà Vinh','Vĩnh Long','Up stream zone','Coastal zone','Midle zone','total_debt','total_wu'
2015,'M1',0.5,0.0,0.0,0.0,0.0,0.0,0.0,0.0,0.0,10.979008850000003,0.0,0.0,0.0,0.0,7.4657260180000025,0.0,3.5132828320000007,10.979008850000003,255727.9999998675
2015,'M1',1.0,0.0,0.0,0.0,0.0,0.0,0.0,0.0,0.0,12.735650266000004,0.0,0.0,0.0,0.0,7.026565664000002,0.0,5.709084602000002,12.735650266000004,255727.29999986748
2015,'M1',0.2,0.0,0.0,0.0,0.0,0.0,0.0,0.0,0.0,13.613970974000004,0.0,0.0,0.0,0.0,7.904886372000003,0.0,5.709084602000002,13.613970974000004,255723.49999986755
2015,'M1',0.1,0.0,0.0,0.0,0.0,0.0,0.0,0.0,0.0,11.857329558000004,0.0,0.0,0.0,0.0,4.830763894000001,0.0,7.026565664000002,11.857329558000004,255715.39999986754
2016,'M1',0.1,0.0,0.0,0.0,0.0,0.0,0.0,0.0,5.0430432,22.78392315799999,0.0,0.0,0.0,0.0,14.916850294000001,0.0,12.910116064000007,27.826966357999975,250515.99999986004
2016,'M1',0.5,0.0,0.0,0.0,0.0,0.0,0.0,0.0,3.3620288000000005,22.74610964999999,0.0,0.4202536,0.0,0.0,17.97206601800001,0.0,8.556326032,26.52839204999998,250529.49999986004
2016,'M1',1.0,0.0,0.0,0.0,0.0,0.0,0.0,0.0,6.303803999999999,23.662243865999987,0.0,0.0,0.0,0.0,20.054427264000008,0.0,9.911620602000003,29.96604786599997,250525.09999986002
2016,'M1',0.2,0.0,0.0,0.0,0.0,0.0,0.0,0.0,5.463296799999999,23.279803773999987,0.0,0.0,0.0,0.0,17.990972772000006,0.0,10.752127802000004,28.74310057399997,250528.39999986003
2017,'M1',0.5,26.41368054650001,142.8936816449998,0.0,19.918513198999996,0.0,1.2990334694999999,144.62572627099973,83.90210390900013,98.66188032002512,309.1699657409982,57.577726258000084,0.0,0.0,64.79279823301005,95.26245443000012,724.4070586960119,884.4623113590433,246414.4999998537
2017,'M1',1.0,25.114647077000008,130.33635810650017,0.0,23.382602451000004,0.0,0.4330111565,151.9869159314995,92.04001298700015,96.5747000970301,300.9427537674979,57.59048381450008,0.0,0.0,61.24601444451004,99.59256599500011,717.5629049490158,878.401485388548,246413.59999985367
2017,'M1',0.1,22.516580138000002,132.9344250455001,0.0,18.186468572999992,0.0,0.0,146.79078205349967,89.48021871750015,105.25038848853512,303.973831862998,62.35360653600009,0.0,0.0,59.16727922651502,99.59256599500011,722.7264561935161,881.4863014150532,246400.89999985372
2017,'M1',0.2,22.516580138000002,139.86260354949988,0.0,18.619479729499993,0.0,0.4330111565,156.75003865299936,93.79757272600015,105.77403276104012,294.44758641999766,55.85843918850008,0.0,0.0,64.00120998702002,100.45858830800012,723.5995460270159,888.0593443220583,246411.8999998537
2018,'M1',0.5,26.41368054650001,288.7314034850003,0.0,43.91117066300005,0.0,1.2990334694999999,308.81077440699937,161.05496320500015,112.77520824002494,648.3602800849836,57.577726258000084,0.0,0.0,73.26079498501005,194.52619413400015,1381.1472512399846,1648.9342403590103,242746.89999985002
2018,'M1',0.1,22.516580138000002,280.65392394150115,0.0,37.945127661000036,0.0,0.0,302.0373891734996,178.86462887750054,121.24549346453492,627.6394854949841,62.35360653600009,0.0,0.0,70.45794156251503,198.85630569900016,1363.9419880254895,1633.256235287021,242723.69999985004
2018,'M1',0.2,22.516580138000002,301.22498610149995,0.0,39.78947160950004,0.0,0.4330111565,326.10997369299804,180.82976156600063,117.53513936103997,631.7561237079832,55.85843918850008,0.0,0.0,73.41009526702003,210.54254608400032,1392.1008451709874,1676.0534865220245,242737.49999985006
2018,'M1',1.0,25.114647077000008,270.05830451450174,0.0,44.08215006700005,0.0,0.4330111565,317.58329685949866,176.71998050700054,108.80625096102995,618.0221877034843,57.59048381450008,0.0,0.0,69.71401119651003,201.20852701900026,1347.4877744449889,1618.4103126605162,242747.49999984997
2019,'M1',0.2,134.94717605150072,7808.049479171758,91.89532725350033,74.69942833150016,12796.718759564183,0.946392873,542.0265460723502,1061.003991172073,300.6414862388715,3585.1269867979154,122.59806233350085,0.0,0.0,435.4891602371189,21085.00673402541,4919.050752902291,26518.653635858343,239910.99999984598
2019,'M1',0.1,138.54084806700067,7732.566202647193,97.5425261350004,66.69450378500005,13038.693077926875,1.5401451494999998,525.6217704726473,1001.4939018810888,293.985455529251,3571.190262316013,135.7671919955008,0.0,0.0,422.65108660829463,21340.101718533537,4761.776092067797,26603.635885903182,239897.099999846
2019,'M1',0.5,138.33089474350066,7592.861923268246,89.32841867100029,78.85404421270523,12954.932736955174,1.2990334694999999,501.5264190607361,1015.9089045640467,271.5880303038299,3488.9580914575845,124.31734940300088,0.0,0.0,408.51234338628916,21080.38353032148,4666.63622232512,26257.905846107515,239915.79999984594
2019,'M1',1.0,152.43331276900048,7690.970179263964,90.86856382050031,83.16499417641025,12819.98552094521,0.4330111565,547.8087236454419,1065.588782465868,282.09251156995043,3700.146769377664,129.97730584100088,0.0,0.0,449.2151376999053,21138.2198214171,4906.2344317715915,26563.46967502967,239920.8999998459
2020,'M1',0.2,570.3521927374857,15769.715627107405,2867.793291201299,208.65918598424568,27972.95146023441,108.18558729009008,777.2774178572946,2755.721507502158,1236.3157175548163,6759.425775525714,193.23092553550214,0.0,0.0,1378.1051792761184,48421.870344566,9068.935747340005,59219.62868851034,237749.89999984394
2020,'M1',0.1,576.2921096830553,15592.447058218762,2784.9640155525544,207.10974000909076,27623.203059043964,161.59629060238507,753.7791386697111,2606.8362947306555,1185.404294985401,6681.90153265932,233.29216437988237,0.0,0.0,1392.46799753378,47752.75445892144,8915.736010957427,58406.82569851532,237738.99999984383
2020,'M1',0.5,555.5425981804854,15652.63629980714,2762.2336586003653,207.92930645026098,27452.139366007046,112.85331666393509,715.2018469589551,2678.7468887285268,1201.2732621182397,6508.983879097942,196.58981413984725,0.0,0.0,1380.3324073483939,47377.66768699679,8921.846336130311,58044.130236733705,237754.39999984376
2020,'M1',1.0,599.7134008900197,15571.788453705743,2881.7492563262986,210.60065487912107,27608.20332354781,170.18952906107504,778.6758882743508,2698.2211451889334,1117.4838152993066,6706.76081161619,211.98445221888213,0.0,0.0,1454.8149592961995,47702.16129294596,9066.68413842193,58555.370730988114,237762.0999998437
2021,'M1',0.1,798.099869927537,23888.934761668126,2876.9606184020654,242.6667092085914,43221.13942473954,162.16068693888508,962.6781587049047,6363.731544701341,2084.778489142127,9101.377991823358,309.4856698073838,0.0,0.0,1959.2666704402443,74500.43839153009,13124.58955526421,90012.01392503081,235858.699999842
2021,'M1',0.2,791.5955566454675,24173.706556752695,2954.7103270223092,245.34494785674636,43473.6884848513,108.18558729009008,988.4340232384881,6393.934167842244,2119.2500424228315,9263.92356281581,268.2956382900035,0.0,0.0,1934.7809058906876,75048.28841231222,13339.851308801866,90781.06889499452,235865.49999984197
2021,'M1',0.5,780.7367364439668,24368.087687760755,2854.2302614498763,244.05067198626165,43403.06281246127,112.85331666393509,895.8086746389403,6432.892532546926,2087.557777240151,8903.865605906532,273.34771590384867,0.0,0.0,1949.4248533659543,74850.51525656348,13100.186290500991,90356.49379296944,235874.89999984193
2021,'M1',1.0,814.748405096502,24144.4907282447,2972.0526701663093,243.90003873262168,43267.52874676661,170.18952906107504,951.417355008442,6482.496921432467,2082.1616535696885,9191.996747935074,285.92037230038346,0.0,0.0,2000.8395310474884,74892.47736842654,13279.560832614427,90606.90316828036,235884.59999984174
2022,'M1',0.1,941.4674587790392,24004.10872426004,2961.5414971805667,246.86575992809148,43221.13942473954,162.16068693888508,1158.2339493559077,6779.437565931532,2166.436969764418,9487.090793628571,390.467362254885,0.0,0.0,2367.8127809018956,74630.60896383457,14092.80914019607,91518.95019271893,234209.59999984037
2022,'M1',0.2,928.3646372234696,24299.078213949102,3042.8903921318106,250.74372735324644,43473.6884848513,108.78545167859008,1183.389949500991,6768.249546265966,2216.020518437057,9626.84151785804,352.8765170685048,0.0,0.0,2321.6934364731933,75171.2606119547,14299.826639867313,92250.92895627544,234205.09999984043
2022,'M1',1.0,955.7165363940042,24253.666046951617,3054.8339557793106,248.69895384062175,43267.52874676661,170.18952906107504,1139.7747729974449,6882.006604173171,2196.405120636704,9573.510499020791,370.50125107888476,0.0,0.0,2402.8640570219295,75022.647940731,14253.294582722228,92112.83201665741,234230.59999984017
2022,'M1',0.5,923.504460906969,24471.864226971178,2942.4103265593776,245.85026515176168,43403.06281246127,112.85331666393509,1097.3631091749432,6806.608046582149,2187.9274395853768,9308.774068143732,342.93198496984974,0.0,0.0,2344.1356209989603,74976.48677814846,14066.160265451424,91843.15005712825,234222.49999984034
2023,'M1',0.1,968.1151519755372,24202.991507628503,3023.2861521480727,251.41536608359152,43221.13942473954,162.16068693888508,1292.7723028114208,6779.437565931532,2283.71855237616,9892.65568520461,468.46061063488577,0.0,0.0,2411.442356973606,74767.09714849952,14939.89419317114,92546.15300642802,232869.19999983982
2023,'M1',0.2,956.3122178929674,24501.210716000056,3111.7844282008173,255.29333350874649,43473.6884848513,108.78545167859008,1319.2281904295041,6768.249546265966,2305.187828926879,10044.10539669108,446.4684151245057,0.0,0.0,2369.222674963904,75330.49682739715,15132.446239186962,93290.31400952551,232862.09999983988
2023,'M1',1.0,990.8134981650014,24449.29911163759,3123.078048111817,252.5986162596218,43267.52874676661,170.18952906107504,1261.3142517229567,6882.006604173171,2295.363260037131,9984.27494048883,449.7943869318855,0.0,0.0,2449.701678913035,75165.63556276096,15076.898315457087,93126.26099331067,232882.49999983958
2023,'M1',0.5,949.502210366967,24689.59537869809,3013.9041375743845,249.0999838342617,43403.06281246127,112.85331666393509,1224.1021377924556,6806.608046582149,2301.87595778841,9741.636596652774,428.72455818785056,0.0,0.0,2392.9647469626707,75122.0741751244,14949.558821944285,92920.96513655796,232878.79999983968
2024,'M1',0.5,1130.5936239989733,24891.743933450438,3013.9041375743845,291.9161707782623,43403.06281246127,144.66405073433512,1438.1830725124773,7156.156589174298,2519.0527051381528,10200.682273068374,428.72455818785056,0.0,0.0,2938.7229047406045,75261.0513065165,15962.542323249976,94618.68392702086,231757.99999983958
2024,'M1',0.2,1134.5960127089745,24713.887841312422,3111.7844282008173,300.9171392687474,43473.6884848513,122.21165001075009,1548.0491239335274,7118.499993562115,2514.598620054542,10486.305360210696,447.17031982850574,0.0,0.0,2887.3815268954227,75456.83967411722,16169.339504906726,94971.70897388401,231732.99999983987
2024,'M1',0.1,1136.5722809355452,24421.28387057288,3023.2861521480727,301.9525047715924,43221.13942473954,181.94903208512508,1536.3332350994456,7117.053728555676,2528.404596616141,10329.24041109223,470.5663247468858,0.0,0.0,2914.906214599204,74889.2285669956,16029.565325125135,94267.78156130484,231750.19999983965
2024,'M1',1.0,1164.8858647570137,24658.46671342995,3123.078048111817,301.0300408356227,43267.52874676661,183.61572739323503,1502.7694698989812,7232.25705146932,2534.389062167032,10427.878713416445,450.49629163588554,0.0,0.0,2955.9281508765453,75288.46888596103,16161.611110005004,94846.39572982324,231755.59999983956
2025,'M1',0.2,1164.846917105471,24714.625668248922,3111.7844282008173,306.0819278242476,43473.6884848513,122.21165001075009,1655.771856662515,7118.499993562115,2660.328988361872,10946.709368586642,536.4473791450091,0.0,0.0,2956.1886628983434,75571.2028492747,16825.456882363593,95810.99666250123,230782.19999983962
2025,'M1',0.5,1157.89322064947,24893.219587323438,3013.9041375743845,296.3431323972625,43403.06281246127,144.66405073433512,1532.6249203844663,7156.156589174298,2634.3902458676685,10671.41585855532,518.739444440854,0.0,0.0,2987.514098003815,75379.10361635649,16599.428892630745,95422.41399950477,230809.49999983955
2025,'M1',0.1,1171.987973887541,24421.28387057288,3023.2861521480727,305.6416394540925,43221.13942473954,181.94903208512508,1638.1533523364337,7117.053728555676,2656.379810720367,10782.266150103178,560.5812109998892,0.0,0.0,2986.6646583481247,74993.99999197859,16664.976240632903,95079.72234554446,230804.99999983967
2025,'M1',1.0,1195.1367691535102,24659.94236730295,3123.078048111817,305.45700245462285,43267.52874676661,183.61572739323503,1614.1813373104683,7232.25705146932,2655.676526115653,10884.593587109892,538.2976970793889,0.0,0.0,3016.5718828508607,75396.92944562652,16805.87594875077,95659.76486020876,230803.49999983955
2026,'M1',0.1,1171.987973887541,24516.224854697022,3067.742644714086,305.6416394540925,43221.13942473954,181.94903208512508,1745.9038343184336,7123.0817275476775,2742.278796356393,11096.475597560893,646.4801966358891,0.0,0.0,2998.7206563321247,75125.86246992864,17260.241141092672,95818.90572193958,230035.99999983935
2026,'M1',0.5,1157.89322064947,24987.40707157358,3056.1001305183972,296.3431323972625,43403.06281246127,144.66405073433512,1645.6499014844662,7162.9380880403,2719.535731629694,10981.857806643038,605.3919299508539,0.0,0.0,2994.295596869815,75509.45909455854,17200.721792082524,96160.84387602589,230043.19999983924
2026,'M1',0.2,1164.846917105471,24792.98965514504,3146.4454224048277,306.0819278242476,43473.6884848513,122.21165001075009,1769.5503376365148,7123.020992806117,2754.5164726119,11266.946815036352,641.937361505009,0.0,0.0,2965.2306613863434,75709.84682609075,17429.010281437382,96562.23603688036,230009.29999983942
2026,'M1',1.0,1195.1367691535102,24735.292354703062,3169.7950402998313,305.45700245462285,43267.52874676661,183.61572739323503,1722.6853191664682,7241.2990499573225,2726.505514271674,11205.5845334336,636.2526806993887,0.0,0.0,3024.1068815908607,75525.77792408057,17398.88034958855,96389.15273824186,230034.59999983932
2027,'M1',0.2,1462.7792378414872,25015.459959815373,3184.2489606368745,346.0511690022471,43473.6884848513,259.6774486371499,2025.9567904765115,7656.195587388271,4037.3725201733723,11782.776267219879,751.3355257410277,0.0,0.0,3886.167226325209,76725.77665848925,18925.44979894568,99995.54195171988,229393.89999983885
2027,'M1',0.1,1465.3471214015374,24730.399656481342,3131.283535162176,353.1522468920919,43221.13942473954,373.34535888568524,1987.2275546384305,7712.062432453848,4119.42144099818,11549.711709786478,761.2056707199279,0.0,0.0,3980.278272147119,76231.36066578736,18758.575759581207,99404.29615209576,229418.79999983884
2027,'M1',0.5,1453.5147780414663,25181.22018445587,3099.0859182004097,341.5913299572619,43403.06281246127,295.046878934775,1880.9405287964632,7676.505130346448,4168.147460707716,11424.536006104632,703.5263982628928,0.0,0.0,3896.378746158679,76623.44620716736,18644.149497271115,99627.17742620656,229429.79999983878
2027,'M1',1.0,1483.2169602855065,24929.859604211353,3228.81111099192,346.9345168846223,43267.52874676661,361.3408879937552,1988.1414115184648,7785.78569392948,4184.872666021682,11674.65751480517,762.3869111054676,0.0,0.0,4028.5787169819705,76604.03049447126,18920.032480721147,100013.53602445041,229420.59999983886
2028,'M1',0.1,1728.6537687650089,36387.79202066539,3165.0407976446827,406.4137054755902,64082.16213709449,380.14490996533027,2225.8269747646023,13375.096944950505,5555.800019971085,14567.932662575862,864.776040916077,0.0,0.0,4806.465869743288,112512.75515653315,24857.14603135609,142739.63998269258,228809.5999998381
2028,'M1',0.5,1725.073200678437,37020.748203596515,3129.0923737404155,379.84956077076066,64814.84916226758,309.396142482565,2139.0441450236085,13700.714110035915,5505.533419039939,14672.29707707549,815.3485437325423,0.0,0.0,4689.463045494555,114244.40035918668,24678.888536498533,144211.94593834542,228823.39999983818
2028,'M1',0.2,1759.843147687455,36410.718576030355,3212.75509339988,398.5624661972454,64892.274385737255,266.4769997167949,2278.0591155956977,13097.797461227512,5505.450271795854,14926.995650635921,848.9046048291766,0.0,0.0,4740.062696712737,113579.08360131379,24718.549940609308,143597.83777275472,228786.5999998381
2028,'M1',1.0,1775.7799018004748,36699.891789778536,3266.3191804169273,381.4419407556212,64230.544725316264,368.1404390734002,2251.592354631429,13457.918340254426,5576.655032991068,14860.520563253875,862.2064743591166,0.0,0.0,4852.371534663208,113452.08630757635,24856.865750778423,143731.01074253273,228811.1999998383
2029,'M1',1.0,1949.9760171129544,36919.69289665398,3266.3191804169273,421.8135726306226,64230.544725316264,368.1404390734002,2505.7841108814764,13810.796307754277,5778.532542603532,15328.532443878677,863.7017199841166,0.0,0.0,5315.629413757025,113581.42505413885,25970.31579766998,145443.83395617956,228198.49999983763
2029,'M1',0.5,1890.2978422409176,37218.12062609691,3129.0923737404155,429.1926663957624,64814.84916226758,309.396142482565,2383.5168047111542,14061.068305660763,5710.401419902402,15105.170685512807,815.3485437325423,0.0,0.0,5155.855223285244,114369.25336887418,25742.151983321288,145866.45457261827,228208.4999998376
2029,'M1',0.1,1912.5689806399873,36616.56460129085,3165.0407976446827,449.02820578809167,64082.16213709449,380.14490996533027,2456.8424238271455,13753.394088075345,5769.035679217929,15000.80627101318,865.523663728577,0.0,0.0,5329.025630102735,112636.86054340814,25915.17611849136,144451.11175816163,228189.29999983756
2029,'M1',0.2,1958.7108158124317,36633.5101741558,3212.75509339988,458.3722911972475,64892.274385737255,266.4769997167949,2524.774643720744,13452.918297164862,5691.627702345825,15382.29794344823,849.6522276416766,0.0,0.0,5249.117310631557,113700.94611975129,25806.389068613345,145323.37057421383,228167.09999983746
2030,'M1',1.0,2130.69807422697,37001.1659551891,3299.649067999436,469.9567435831238,64230.544725316264,368.88110324190023,2741.3153164645364,14263.342114707337,5948.667023271255,15771.449616641246,957.0254052151117,0.0,0.0,5875.951442293104,113699.19065693016,27024.375888733688,147182.6951457163,227690.39999983707
2030,'M1',0.5,2068.0572426809144,37288.483722104516,3163.162925491424,472.15118816876344,64814.84916226758,309.396142482565,2628.6766444847167,14520.280090130316,5861.9718067138765,15521.423948209402,903.4875797840377,0.0,0.0,5679.789728277328,114485.53764332857,26787.419083650442,147551.94045237967,227701.09999983694
2030,'M1',0.1,2094.7723660909924,36699.51898816297,3192.4453718791897,489.76473505559267,64082.16213709449,380.14490996533027,2695.336286084206,14211.8652083764,5967.552846507377,15459.277391314234,972.1793039925715,0.0,0.0,5896.108615442804,112765.73610872697,27013.12535407155,146245.0195443859,227676.3999998371
2030,'M1',0.2,2137.2108804209497,36717.20522519643,3242.3816601398876,513.1814396662487,64892.274385737255,266.4769997167949,2734.382603406297,13892.872813253434,5837.272775809298,15824.4744520423,943.7165770411717,0.0,0.0,5755.921560460651,113819.45238671111,26852.44432275479,147001.4498122903,227659.29999983712
2031,'M1',0.1,2279.1390858535146,36699.51898816297,3192.4453718791897,500.6955682430923,64082.16213709449,380.87363217783025,2695.336286084206,14450.15737186378,6841.02115207621,15459.277391314234,1060.354691705074,0.0,0.0,6340.2742344841245,113460.7420590951,27256.705468861044,147640.98167630588,227152.99999983687
2031,'M1',0.5,2245.136740318436,37288.483722104516,3163.162925491424,492.5554101187627,64814.84916226758,309.396142482565,2628.6766444847167,14775.332864505188,6786.049012620582,15521.423948209402,995.3065785590345,0.0,0.0,6128.280956640017,115249.51072120795,27036.782252186313,149020.37315101203,227154.8999998368
2031,'M1',0.2,2306.27443372097,36717.20522519643,3242.3816601398876,531.3994949787481,64892.274385737255,266.4769997167949,2735.1113256187973,14148.654309840806,6558.914380364512,15824.4744520423,1032.6206869661698,0.0,0.0,6201.5446239269695,114383.08258196924,27090.92338205678,148255.78735417177,227113.99999983681
2031,'M1',1.0,2278.628683364488,37001.1659551891,3299.649067999436,491.818409958123,64230.544725316264,368.88110324190023,2742.0440386770365,14512.565111382211,6668.757735494213,15771.449616641246,1042.2859040776116,0.0,0.0,6298.2086710058065,114262.09212997579,27264.312392460684,148407.79035119084,227143.79999983686
2032,'M1',0.1,2438.4497364930594,48314.35970871988,3217.4492856566967,591.0302962658253,83100.36294090725,388.0634130319352,2959.9840130130033,16211.341867606472,7068.538697396088,19189.83022961204,1140.367215793071,0.0,0.0,6913.285354535257,144064.72231191208,32980.80522421996,184619.7774042763,226732.099999837
2032,'M1',0.5,2401.58980081198,48621.79634241291,3191.024429414932,582.1757406049958,83230.83931754285,309.396142482565,2906.989535585224,16565.945075711643,6997.758201159252,19374.963264052552,1073.8903075740316,0.0,0.0,6694.14810132615,145156.9613603802,32741.181024657773,185256.36815713442,226659.19999983656
2032,'M1',0.2,2478.4442400175185,47852.77596927224,3271.671959136396,607.308855804166,83567.27987371682,292.37853298721495,2999.7590525475944,15899.16864802511,6780.670939903285,19524.8851773397,1131.9219445396661,0.0,0.0,6777.504945102314,144381.14278209893,32615.577633175664,184406.26519307058,226630.7999998367
2032,'M1',1.0,2454.3704773435375,48198.54133131682,3323.9385842404427,569.9625743712513,83183.99169595294,376.0708840960052,3005.3087760219364,16281.745396493725,6832.281650663652,19477.483911252442,1122.2984281656086,0.0,0.0,6836.699681859413,144532.87863247062,32802.00902119297,184825.99370969858,226648.79999983657
2033,'M1',0.2,2589.102718029547,48042.576270165795,3271.671959136396,648.6306925301632,83567.27987371682,292.37853298721495,3221.076008571651,16236.046672859196,6853.509431759304,19911.489480266795,1133.322684767666,0.0,0.0,7089.8700159463915,144498.80496125104,33546.36951468071,185767.08432458353,226197.8999998365
2033,'M1',0.1,2561.714876557091,48471.24261425551,3217.4492856566967,625.348431851823,83100.36294090725,388.0634130319352,3183.4020793790605,16571.332106202077,7136.474598454105,19549.820468207196,1141.7679560210709,0.0,0.0,7254.365600053342,144165.5756083282,33866.073048315106,185946.978770317,226335.89999983777
2033,'M1',1.0,2568.5308059255667,48374.334229930406,3323.9385842404427,618.988482351248,83183.99169595294,376.0708840960052,3225.2249918179928,16600.413798363246,6914.925324115673,19885.099317599488,1122.9987982796085,0.0,0.0,7139.959941221488,144631.63081854474,33768.51977851196,186194.5169124656,226203.2999998364
2033,'M1',0.5,2519.95235007801,48813.69775364846,3191.024429414932,625.5986876729928,83230.83931754285,309.396142482565,3110.7972387592763,16888.815698264887,7082.502984953274,19769.972008347628,1074.5906776880315,0.0,0.0,6996.707990574226,145264.1179878224,33692.28363946878,186617.18728864737,226213.29999983642
2034,'M1',0.5,2671.212618357967,48813.69775364846,3191.024429414932,666.8514881129947,83230.83931754285,309.396142482565,3243.4937468412386,16890.878338286882,7227.460876868034,19770.659555021626,1074.5906776880315,0.0,0.0,7226.745334565104,145264.1179878224,33922.699943008774,187090.10494405284,225750.1999998359
2034,'M1',0.1,2719.850611577046,48471.24261425551,3217.4492856566967,669.351418987825,83100.36294090725,388.7509597059352,3301.660107307027,16572.707199550074,7307.691515605807,19550.508014881194,1142.455502695071,0.0,0.0,7504.4299653401795,144165.5756083282,34104.82807969306,186442.0301709153,225968.49999983804
2034,'M1',0.2,2736.237706265505,48042.576270165795,3271.671959136396,691.2585863181652,83567.27987371682,293.0660796612149,3348.9596899356147,16236.734219533197,7021.156363916072,19912.864573614792,1135.3853247896661,0.0,0.0,7319.951443812243,144498.80496125104,33800.16240513671,186257.1906468387,225766.29999983584
2034,'M1',1.0,2714.978247487525,48374.334229930406,3323.9385842404427,663.67901616125,83183.99169595294,376.0708840960052,3344.170566419959,16601.788891711243,7116.526546548318,19886.474410947485,1122.9987982796085,0.0,0.0,7397.6754876722825,144631.63081854474,34019.00718722289,186708.9518715608,225738.19999983587
2035,'M1',1.0,2939.126140479472,48568.10063140184,3323.9385842404427,706.888248545247,83183.99169595294,376.0708840960052,3558.866439827908,16998.77371424022,7248.612563079502,20247.676587908372,1124.3490867916087,0.0,0.0,7938.682480033769,144741.67933227288,34929.27479895636,188276.3945763599,225282.09999983571
2035,'M1',0.1,2960.201966712989,48610.322330991105,3217.4492856566967,711.2103628598221,83100.36294090725,388.7509597059352,3503.528239850979,16996.697792319115,7425.556214099873,19843.520621985914,1143.805791207071,0.0,0.0,8051.383390022298,144247.94320756022,34934.88339094566,187901.40650609246,225572.59999983822
2035,'M1',0.2,2966.4618975614503,48211.3623341653,3271.671959136396,733.1175301901623,83567.27987371682,293.0660796612149,3555.5538322715656,16628.31788801376,7157.336534644377,20306.47367486376,1136.0604690456662,0.0,0.0,7865.771023287971,144602.7771766751,34719.88203645421,187826.70207306687,225322.79999983578
2035,'M1',0.5,2892.6599343259145,48999.36242404792,3191.024429414932,707.3601434729919,83230.83931754285,309.396142482565,3435.909859801193,17310.142921263912,7351.990440599855,20150.09062689456,1074.5906776880315,0.0,0.0,7750.743854543231,145359.31332791847,34860.6484692383,188653.36691733266,225289.39999983573
2036,'M1',0.1,3113.9499899010398,48742.863730291785,3237.9932025482035,750.3100756533216,83100.36294090725,400.7646680695452,3718.24530671705,17090.80218582208,8741.295074778584,20112.579662564818,1222.66792379057,0.0,0.0,8364.453192066454,145256.54232433045,35937.635872696,190231.83476082422,225222.39999983888
2036,'M1',0.5,3021.225091646957,49174.31707112482,3214.88188128894,754.4123402244913,83230.83931754285,333.423559209785,3643.3371497057615,17412.862505721376,8666.276413645637,20519.218423944927,1142.8494983275307,0.0,0.0,8078.690649003527,146300.91939441254,36051.37194313116,191113.64325216282,224862.29999983526
2036,'M1',1.0,3095.5249916535236,48758.297539398314,3350.4468641004514,747.9760823282465,83183.99169595294,400.09830082322526,3735.1465008969662,17096.854349722184,8461.487213244383,20622.76874792724,1219.8213855009126,0.0,0.0,8221.055304172398,145726.6163008193,36057.98410125498,190672.41367132583,224857.29999983526
2036,'M1',0.2,3116.896385767,48364.447650357586,3294.2039970174033,772.2172429836618,83567.27987371682,311.08664220662996,3774.247141116638,16723.084988513227,8453.601945144714,20662.347331984132,1220.2667488144702,0.0,0.0,8200.259905286654,145544.4682255958,35864.66627152205,190259.67994740073,224914.09999983528
2037,'M1',0.5,3237.5460773349264,49346.33134890175,3239.6415121809364,791.5517865624926,83230.83931754285,333.423559209785,3845.975181479733,17862.445277181312,9989.958093041525,20899.083287366873,1215.8252525355203,0.0,0.0,8730.360301320694,147395.93323441228,37183.66589176807,193992.62069312675,224574.99999983498
2037,'M1',0.1,3335.4835294610084,48852.32736160438,3259.4949872702005,789.4042296933229,83100.36294090725,400.7646680695452,3901.987830705024,17539.73338804802,10009.468038025938,20353.660279144784,1307.413701296739,0.0,0.0,8983.98706648672,146242.97790062428,36938.120814778915,192850.10095401443,225049.89999983937
2037,'M1',1.0,3313.1491158094927,48932.26652487726,3376.5096334604477,787.7218056022479,83183.99169595294,400.09830082322526,3937.7845326709376,17567.287336670117,9694.667459141758,20992.860072839187,1310.3895090268998,0.0,0.0,8877.16060986902,146655.0871282285,37291.814383282224,193496.72598666133,224572.09999983502
2037,'M1',0.2,3354.7191561769664,48518.21798958242,3311.7963663354008,819.1302278316633,83567.27987371682,311.73821144063,3969.7179113166103,17182.44129848316,9755.614731473883,21027.22610302408,1300.409764596459,0.0,0.0,8889.027226855635,146599.5274568906,36979.45140501332,193118.29163376594,224642.2999998351
2038,'M1',0.1,3550.9449731085497,48962.95234162687,3276.2173679712037,831.2101814458235,83100.36294090725,401.40783655804523,4097.511051209061,17955.86340010701,10095.256877697248,20588.416777446997,1383.9507514282266,0.0,0.0,9514.683546399603,146314.3696028477,37730.026177922715,194244.09449927002,224923.09999983996
2038,'M1',0.2,3577.898621686509,48662.28773100706,3335.5936004099053,867.367864469164,83567.27987371682,311.73821144063,4165.241131820648,17632.65924043261,9861.943724327015,21393.832141468632,1368.5856243774479,0.0,0.0,9472.58723817596,146709.50926842404,37912.045713337895,194744.42776491557,224417.19999983528
2038,'M1',0.5,3442.7168251664657,49510.33931346998,3257.65022985894,829.4987273839931,83230.83931754285,333.423559209785,4041.4984019837702,18277.932120751804,10084.066884613172,21270.19150523092,1295.5781451095074,0.0,0.0,9257.923415691366,147505.91504594573,38127.23530284724,195573.7350300822,224329.89999983506
2038,'M1',1.0,3526.0378855030335,49098.8471633995,3397.0910250924517,827.5982518892484,83183.99169595294,400.74146931172527,4119.801214916472,17999.49656094159,9784.191594393606,21361.395616749236,1390.7855700893867,0.0,0.0,9413.604367728261,146769.57111918152,38234.138695834554,195089.97804799757,224322.99999983516
2039,'M1',0.5,3905.375291879468,59990.538772515814,6666.20353494249,957.8490268463154,102114.55777724375,483.89143538255576,4304.403490078949,24271.623020630668,11418.509411361021,25004.965358327092,1369.7232929957893,0.0,0.0,10386.333335343963,185406.44163821917,43630.24725637961,240487.6404119946,224090.39999983477
2039,'M1',0.1,4037.4317579467765,58861.64619366725,6617.877866929011,964.029816327646,101810.46462040863,522.9395826975908,4318.751417111138,24008.02409893067,11283.905551742526,24349.916880777193,1492.696442523941,0.0,0.0,10580.751870566251,183574.67516350935,43004.77452417929,238267.68422885524,224793.19999984035
2039,'M1',0.2,4121.021651224316,59119.4201612466,6593.040552832183,978.9540247899065,102254.2326491916,427.4827315735305,4401.043644127773,23597.41401027826,11159.706527959352,24996.056397680233,1456.777255010728,0.0,0.0,10550.991303674844,183834.46570058624,43635.36510595031,239105.14960570293,224189.29999983514
2039,'M1',1.0,4015.078576295261,58849.217669119775,6758.06956914584,949.4819112462809,101992.47621756738,574.3582495110761,4359.55739898504,24070.975304860818,11052.977330382577,25222.809027892923,1471.2745452505221,0.0,0.0,10512.480618469282,183978.82297309933,43718.26639270914,239316.27580004482,224085.5999998349
2040,'M1',0.2,4326.682688133683,59263.40086510095,6614.052361556669,1013.9737059974088,102254.2326491916,428.1194530500305,4601.610909225144,24001.09542638015,11269.508397497648,26296.61057660817,1526.8166174257326,0.0,0.0,11078.996708024652,184828.9853199647,44563.39489787468,241596.10364996715,223954.19999983493
2040,'M1',0.5,4118.676986506966,60178.575733497295,6685.305179237477,1000.5093657718182,102114.55777724375,483.89143538255576,4490.9628826933285,24702.68346022212,11519.356355145414,26252.30422895939,1444.2197057462943,0.0,0.0,10924.403808069033,186352.83972111403,44603.01085199065,242991.04311020888,223845.79999983453
2040,'M1',1.0,4209.915348104193,59037.13215485247,6782.264985252825,993.4156931247838,101992.47621756738,574.3582495110761,4539.749576834423,24504.582630358276,11178.697236833363,26454.784932923405,1548.3178439070273,0.0,0.0,11057.04078120808,184941.22074307248,44670.32830040898,241815.69486906863,223850.2999998346
2040,'M1',0.1,4245.002959285684,58971.28476287365,6632.522460888502,998.4127760586483,101810.46462040863,522.9395826975908,4489.3927728130275,24447.99863919314,11355.463307607937,25555.452739224616,1575.4702344689465,0.0,0.0,11127.777269045224,184608.64716919776,43720.098517869425,240604.40485532308,224657.29999984047
2041,'M1',0.2,4816.442515124105,69412.0420835135,9813.247904202091,1150.957565394472,118942.94402526277,573.0723996885304,4803.024419385817,26008.86409941487,12597.959211702893,29797.558874406484,1612.875416924099,0.0,0.0,12174.548774756726,215856.16645135055,50096.45969298321,279528.9885148871,223734.8999998347
2041,'M1',0.5,4597.528394811027,70707.37036057663,10135.90871594066,1139.9998612507022,119166.94567240606,611.5264525405157,4730.155755530902,26687.52489843288,12845.259698814656,29766.112382800253,1535.373446316661,0.0,0.0,11946.348586803462,218013.77869930645,50575.702752452984,281923.7056392934,223602.29999983427
2041,'M1',1.0,4665.717018221714,69145.75673205266,10048.780808464233,1122.716306459667,118773.54988420138,712.901685355396,4778.305582037997,26408.56622987232,12599.632844964017,30153.440171252612,1643.888823461215,0.0,0.0,12071.383982788673,216216.70719925413,50300.564485973126,280053.25608621084,223606.89999983436
2041,'M1',0.1,4725.128102857744,69226.03000225069,9863.806391959008,1139.8138744395326,118943.66951981341,707.6641638233507,4696.023727408246,26492.35460854513,12585.509830543679,29174.86703339167,1676.8955260916732,0.0,0.0,12229.061144483307,216607.9921333933,48940.87751641505,279231.7627809995,224468.29999984076
2042,'M1',0.1,4935.23502050761,69299.47163000127,9874.024357559001,1183.2402282395358,118943.66951981341,737.2455498958507,4878.669862508129,27420.29088997887,13844.05740481681,29323.666157442,1765.0664263861793,0.0,0.0,12902.120792518004,218041.43258570562,49778.308918866154,282204.6370470278,224299.29999984114
2042,'M1',0.2,5018.885958573976,69535.93491641448,9831.12934400208,1191.8294277944751,118942.94402526277,591.0766804720304,4987.586423035699,27043.262190888192,13959.054964926498,30145.608327657254,1695.2987115686046,0.0,0.0,12794.152309301913,217459.53805781947,51258.16424431768,282942.6109704689,223573.4999998353
2042,'M1',1.0,4874.546690171581,69287.53100475378,10068.57811681422,1159.7564317596698,118773.54988420138,730.267343288896,4968.615191337875,27436.062310979083,13976.219334565629,30479.137824753332,1711.58284556122,0.0,0.0,12701.369270911873,217874.68932392902,51396.24520179062,283465.8469780593,223412.89999983442
2042,'M1',0.5,4814.660163810889,70875.32817012796,10150.597041490651,1178.317232250705,119166.94567240606,634.6806631185157,4915.995004880783,27690.34384129473,14119.486215376246,30128.850161601054,1613.2854340166668,0.0,0.0,12581.79485161513,219537.9445433135,51757.720394003794,285288.48960025265,223408.79999983433
2043,'M1',0.5,5275.45578603525,81007.16834030513,13547.507382134521,1322.2227986892942,137671.70861632453,803.43479059466,5138.371858042944,35863.86861022517,15424.35723324124,33947.60824541434,1692.933835358171,0.0,0.0,13825.346392741392,258539.47351593172,57435.80182519682,331694.6374965043,223242.59999983414
2043,'M1',0.2,5526.1932804148755,79534.94806825613,13348.998124792564,1302.7463287385344,137040.36942010128,742.3734844161597,5237.009344441881,34980.77151364036,15344.150668030072,33866.890218377404,1800.7503565766237,0.0,0.0,14029.958761014677,256090.65243626246,56818.86767286591,328725.2008079143,223432.59999983557
2043,'M1',0.1,5417.38109253849,79792.03077654765,13260.703959634388,1329.03061311212,137937.23752262784,905.999677371995,5043.744609899746,35110.146550864745,15165.51338985591,33067.656881439994,1861.4889942676934,0.0,0.0,14173.442722015783,257503.84819261797,55259.52066810233,328890.9340682897,224136.59999984218
2043,'M1',1.0,5246.93635956487,79605.54146280338,13468.097596019597,1280.385566822239,138104.62614196778,904.8405786090452,5172.975053382523,35169.30202847,15246.216868502102,34269.52468947407,1781.5601759197193,0.0,0.0,13882.31810287361,257532.41116893504,56876.20544065046,330250.00652166945,223249.7999998342
2044,'M1',0.1,5874.105353589783,89996.58023186552,14837.905112071761,1469.4769388094012,151979.87004632122,1076.106754726314,5225.840162836127,41828.06869139797,16427.863362296917,36891.46935083388,1935.2630573236963,0.0,0.0,15417.862704034065,289695.0216621977,60252.64328149844,367542.5490622256,224008.59999984375
2044,'M1',1.0,5694.517661656002,89800.4500413356,14961.800822311703,1414.4019766315998,151384.70969820913,1075.5947968673643,5425.733444311108,42177.75769718289,16503.538936790224,37825.21259751027,1859.2170843997224,0.0,0.0,15191.261459060768,288504.90830232744,62315.1833932805,368122.9347573491,223103.99999983405
2044,'M1',0.2,5969.203103025927,89481.11357483371,14836.794096644515,1419.1239615315756,150924.62638901616,935.9436069227986,5487.867805810551,41370.08654258505,16662.718912815042,37610.971121688155,1882.290110480627,0.0,0.0,15346.06216029792,287044.9051448865,62169.41953103106,366580.739225491,223335.59999983586
2044,'M1',0.5,5793.343237279171,91160.97509666868,15146.794311612062,1454.8619403864955,151303.73784985143,967.676106660899,5370.985894643375,42605.37827536688,16800.97744315512,37534.35891684265,1773.867941510254,0.0,0.0,15093.270913064069,289898.38076712994,62792.659119793854,369912.95701412513,223097.699999834
2045,'M1',0.2,6188.726972626059,89591.52885448332,14851.821028194503,1456.364617981572,150924.62638901616,947.7875960917986,5674.724432910663,41773.20031503361,18078.184381212144,37903.01626963711,1954.8113888306202,0.0,0.0,16036.513923213524,288086.5897186756,63201.33621499065,369344.7922461511,223161.09999983612
2045,'M1',1.0,5905.548048206129,89962.47956413502,14982.054512661687,1450.9892882315964,151384.70969820913,1093.3607806208643,5619.123519911224,42591.32498723141,17793.33582921283,38159.72516070907,1937.618466399715,0.0,0.0,15836.381081719377,289473.4851246835,63446.978057420776,370880.2698556688,222911.69999983386
2045,'M1',0.1,6068.8021188899,90065.83478596527,14843.785215721757,1510.6376643593974,151979.87004632122,1082.028749310814,5344.748925536199,42208.96873894661,17713.54764104888,36958.76387038364,1997.3308180736906,0.0,0.0,16034.888498142696,290630.57113374525,60931.837528327786,369774.3185747079,223829.09999984517
2045,'M1',0.5,6018.093865679307,91326.92468856809,15157.901174062054,1493.409286536492,151303.73784985143,997.286079583399,5550.6557283934835,43025.47901391538,18148.118028741694,37873.44489399144,1847.7378004947477,0.0,0.0,15763.954766741666,290928.0956789465,63922.09175014113,372742.7884099624,222908.7999998338
2046,'M1',0.1,6377.599036970265,92860.69502751852,18255.707122540804,1588.0970598487138,165311.95859445527,1232.218555577312,5492.070598499114,42581.79889703774,18978.21975478399,40426.24232279208,2065.3403955529097,0.0,0.0,16872.001470821146,313999.72614211915,61756.34530938357,395169.94736583036,223726.0999998464
2046,'M1',0.5,6312.906450490012,94195.43722702518,18752.55837866756,1588.812273611468,165072.45379323617,1176.721995439997,5774.6076815748565,43457.698046746686,19510.663396210726,41830.58578311989,1927.6251529219621,0.0,0.0,16695.853159830327,314975.13083010534,65411.66215742934,399600.0701792913,222735.7999998337
2046,'M1',0.2,6478.133617185106,92506.9520052215,18272.938894696323,1572.3507021862079,164430.16965581145,1145.1671035340573,5888.033744473596,42191.561943758876,19239.966239866506,41777.291823024476,2061.7959828050557,0.0,0.0,16943.743031692866,311629.2669859994,64600.165079626895,395564.3617127959,223015.0999998364
2046,'M1',1.0,6188.52516779005,92882.01413292001,18560.045568732374,1531.130498986133,165326.8803602551,1237.5693896921423,5844.395225864598,42995.169335464634,19250.92047541936,42014.48351141154,2010.8647452457096,0.0,0.0,16681.45488075105,313670.6677723873,64941.78516607582,397841.99841202475,222738.49999983376
2047,'M1',0.2,6994.8356827658945,103277.95979831065,21582.523022258243,1729.1449217375675,184229.9802371512,1278.0922890050497,6127.724363002075,50692.36356684568,20733.088367369764,45473.020010871216,2155.2468606206694,0.0,0.0,18250.355515570278,352447.49422991,70749.91487951817,444273.97912019334,222900.89999983675
2047,'M1',0.5,6822.899871777255,104980.6826070153,22133.35671224158,1709.4396502696466,184407.02622542635,1358.6502023998503,6002.923522950288,51941.79216941241,20813.19164144366,45748.0666416025,2037.116940750148,0.0,0.0,17970.341083474097,355779.1459743942,71271.33337770207,447955.1461855556,222570.39999983375
2047,'M1',0.1,6823.2151171646,103299.73177859894,21906.440849924908,1723.4749059109827,184966.7598825536,1365.8103314568043,5636.934418186384,50866.09509233964,20140.9604623466,44236.56485198726,2132.7087670199376,0.0,0.0,18039.98863701087,355262.86915418314,66831.02045111726,443098.69645778235,223624.09999984747
2047,'M1',1.0,6675.769034771199,103339.07431230941,21936.801619646845,1676.5072011759025,184631.24252302,1406.7468984734053,6094.751290929081,51207.95214329479,20591.07696498812,45641.279193003495,2090.1890038572,0.0,0.0,17999.57036240714,353507.91155485925,70800.78979593999,445291.3901857299,222572.49999983388
2048,'M1',0.2,7529.051287822019,114079.77754318784,25055.272292492722,1899.0543649475717,204210.28843509092,1473.4390236010513,6383.952541557322,57550.35089989457,22180.703908372398,48986.4717997493,2260.397542857925,0.0,0.0,19390.13339966454,392398.03403864213,76597.57965170952,491608.7596399412,222772.39999983716
2048,'M1',1.0,7138.965994709463,113906.29278660507,25453.629966499186,1815.9800821925307,204178.1251535739,1602.767122281907,6311.7875475284645,57685.97865200821,21965.394297973635,49358.57398097844,2183.1736977258306,0.0,0.0,19041.217302709007,392377.72382513713,76795.70704189289,491600.6692824512,222385.69999983363
2048,'M1',0.5,7298.9363092966405,115328.76631155935,25496.223444265837,1878.7187868107753,203581.52914315584,1535.6831806274768,6199.038431418556,58301.98381699639,22068.197587243973,49439.50974424074,2142.984294743528,0.0,0.0,19047.354923174957,393917.7981509051,76975.29417194222,493271.5710507377,222382.2999998335
2048,'M1',0.1,7361.014081001367,114139.15280323105,25356.20512184716,1856.1265297153611,204483.11958582682,1573.366236965056,5771.174684191948,57520.869732960564,21384.905734427153,47935.81409076727,2183.2636405010653,0.0,0.0,19231.64262195311,394898.55235989986,72122.03767343366,489565.01224181824,223506.59999984846
2049,'M1',0.1,7637.127019966953,114254.10034369915,25362.37393502004,1922.3605030677572,210312.64803419213,1672.067247731135,5878.024981799901,64206.78069754431,22604.92595549264,47941.939267063244,2221.375848565074,0.0,0.0,20041.841709233064,407564.4869541525,72958.90169485516,504013.72383459605,223381.99999984927
2049,'M1',0.2,7770.1494363054435,114329.36566642305,25070.244945660736,1966.605851711087,209947.28468586312,1633.8281660959296,6573.833006733239,63972.47734407664,23633.97844921772,49249.85438047613,2338.6636844179434,0.0,0.0,20290.38659033693,404866.76718085917,78013.58709868322,506486.28561743035,222632.5999998377
2049,'M1',1.0,7383.510655789769,114330.67542610322,25467.9220445232,1864.388191170287,210007.6536019392,1738.4810120852655,6513.325063906142,64273.895202960244,23451.554630115363,49704.9867292729,2269.6067410138508,0.0,0.0,19843.45005775932,405275.9703427638,78432.70084116764,507005.9992993412,222191.19999983333
2049,'M1',0.5,7563.2176495529375,115668.95820269996,25524.214298923613,1946.9508487182907,209225.99319633495,1640.5530045664357,6395.768284911353,64676.84511810431,23379.545788236166,49783.200191959215,2224.653312023547,0.0,0.0,19878.433655534544,406207.4611636009,78514.18026184119,508029.8998964937,222188.19999983325
2050,'M1',0.5,7563.2176495529375,115668.95820269996,25524.214298923613,1946.9508487182907,209225.99319633495,1640.5530045664357,6395.768284911353,64676.84511810431,23379.545788236166,49783.200191959215,2224.653312023547,0.0,0.0,19878.433655534544,406207.4611636009,78514.18026184119,508029.8998964937,221997.09999983307
2050,'M1',0.1,7637.127019966953,114254.10034369915,25362.37393502004,1922.3605030677572,210312.64803419213,1672.067247731135,5878.024981799901,64206.78069754431,22604.92595549264,47941.939267063244,2221.375848565074,0.0,0.0,20041.841709233064,407564.4869541525,72958.90169485516,504013.72383459605,223244.9999998499
2050,'M1',1.0,7383.510655789769,114330.67542610322,25467.9220445232,1864.388191170287,210007.6536019392,1738.4810120852655,6513.325063906142,64273.895202960244,23451.554630115363,49704.9867292729,2269.6067410138508,0.0,0.0,19843.45005775932,405275.9703427638,78432.70084116764,507005.9992993412,222000.29999983314
2050,'M1',0.2,7770.1494363054435,114329.36566642305,25070.244945660736,1966.605851711087,209947.28468586312,1633.8281660959296,6573.833006733239,63972.47734407664,23633.97844921772,49249.85438047613,2338.6636844179434,0.0,0.0,20290.38659033693,404866.76718085917,78013.58709868322,506486.28561743035,222494.8999998378
2051,'M1',1.0,7383.510655789769,114330.67542610322,25467.9220445232,1864.388191170287,210007.6536019392,1738.4810120852655,6513.325063906142,64273.895202960244,23451.554630115363,49704.9867292729,2269.6067410138508,0.0,0.0,19843.45005775932,405275.9703427638,78432.70084116764,507005.9992993412,221799.79999983308
2051,'M1',0.2,7770.1494363054435,114329.36566642305,25070.244945660736,1966.605851711087,209947.28468586312,1633.8281660959296,6573.833006733239,63972.47734407664,23633.97844921772,49249.85438047613,2338.6636844179434,0.0,0.0,20290.38659033693,404866.76718085917,78013.58709868322,506486.28561743035,222330.59999983793
2051,'M1',0.5,7563.2176495529375,115668.95820269996,25524.214298923613,1946.9508487182907,209225.99319633495,1640.5530045664357,6395.768284911353,64676.84511810431,23379.545788236166,49783.200191959215,2224.653312023547,0.0,0.0,19878.433655534544,406207.4611636009,78514.18026184119,508029.8998964937,221795.99999983306
2051,'M1',0.1,7637.127019966953,114254.10034369915,25362.37393502004,1922.3605030677572,210312.64803419213,1672.067247731135,5878.024981799901,64206.78069754431,22604.92595549264,47941.939267063244,2221.375848565074,0.0,0.0,20041.841709233064,407564.4869541525,72958.90169485516,504013.72383459605,223090.19999985045
